tweet_id,tweet_text,predicted_label,confidence
1062118896512176128,"AmerCityCounty: The #CampFire, which is now California’s most destructive #wildfire based on structures destroyed, has all but completely obliterated the town of #Paradise, Calif.   #govtech",infrastructure_and_utility_damage,0.13540153205394745
1063088373739470848,"Nearly 90 percent of school districts and some businesses in #Sonoma County, #California, shut down Tuesday due to the smoke from the #CampFire in Paradise that has killed at least 50 people. #CaliforniaFires",infrastructure_and_utility_damage,0.13450665771961212
1062115961711534080,RT @RebekahWorsham: REPORT: 29 Dead in wake of Northern California fires  via @rebekahworsham,infrastructure_and_utility_damage,0.1342429667711258
1065654726954549249,"What FEMA Is Doing, and Not Doing, in Response to California’s Fires by RON NIXON via NYT",infrastructure_and_utility_damage,0.13358940184116364
1062280350796263424,RT @7News: Join us on 7News Today in New England as the California wildfires reaches an historic high death toll.,infrastructure_and_utility_damage,0.13330762088298798
1061567720964145152,At least 25 people are dead as wildfires blaze through northern and southern California. Officials say the entire town of Paradise was destroyed.,infrastructure_and_utility_damage,0.1332908570766449
1061313757463244800,"RT @MegKinnardAP: PARADISE, Calif. (AP) — Fire official says 6,713 structures destroyed in Northern California wildfire that has grown to 1",infrastructure_and_utility_damage,0.13320176303386688
1061306476562546688,RT @AP: BREAKING: Sheriff reports 9 people dead in Northern California wildfire that has now become states most destructive.,infrastructure_and_utility_damage,0.13320067524909973
1063263090635005952,RT @AlBoeNEWS: BREAKING: California officials say the death toll in northern California’s #CampFire wildfire has risen to 63.,infrastructure_and_utility_damage,0.13319031894207
1066395756737703936,"@GavinNewsom In September 2016, Governor Brown vetoed SB 1463, a bill in the California legislature which would have required the California Public Utilities Commission to prioritize areas at increased risk from overhead wires in their management of wildfires.",infrastructure_and_utility_damage,0.1331104040145874
1065295438251737088,"Less than a week removed from announcing plans to build a fireproof community, Kanye West has put together plans to donate $500,000 to aid California wildfire relief",infrastructure_and_utility_damage,0.1330287605524063
1066036811754016769,Californias Electricity Giant Faces Possible $30 Billion In Damages For Fires That Have Killed 100 via @forbes,infrastructure_and_utility_damage,0.1330251544713974
1061721949372477440,"As of Sunday morning, the deadly #CampFire has grown slightly to 109,000 acres. Meanwhile, the wildfire in Malibu has destroyed dozens of structures.",infrastructure_and_utility_damage,0.13275639712810516
1065309299327537152,"An E.coli outbreak has prompted the CDC to advise Americans to avoid romaine lettuce this Thanksgiving. Also, the death toll for California’s wildfire reaches 81 and now flash floods are set to complicate the search for the nearly 900 still missing.",infrastructure_and_utility_damage,0.13275623321533203
1067048088081231873,"The Los Angeles Kings and their parent company AEG Sports announced Sunday they had made a $100,000 donation to the American Red Cross to assist with its response to the California wildfires.",infrastructure_and_utility_damage,0.13274359703063965
1061710388302151680,"The NFL is currently monitoring the Monday night game between the Giants and 49ers because of air conditions stemming from the Camp Fire in the area. At this point, all games will kickoff as scheduled,” per an NFL league spokesman.",infrastructure_and_utility_damage,0.13269276916980743
1061320170549862400,WATCH: There was an explosion in a building burning behind CBS News correspondent David Begnaud as he reported on the Camp Fire in Northern California.,infrastructure_and_utility_damage,0.1325293928384781
1064953818209755143,"The number of buildings destroyed by Southern Californias Woolsey Fire stands at 1,500 as firefighters increased containment of the 97,000-acre fire.",infrastructure_and_utility_damage,0.13251401484012604
1067184052254453762,"The U.S. government has distributed more than $20 million in assistance for people displaced by the catastrophic wildfire in Northern California, a Federal Emergency Management Agency official said Monday as hundreds of searchers kept looking for",infrastructure_and_utility_damage,0.13249433040618896
1064128129864732672,"California residents have to wear face masks outside as deadly wildfires across the state fill the air with chemicals. Researchers warned that in parts of the state, breathing the air is like smoking more than 10 cigarettes",infrastructure_and_utility_damage,0.1323787271976471
1066717087941476352,"LOS ANGELES, United States – The death toll in northern Californias so-called Camp Fire rose to 87, officials said late Saturday, November 24 adding that the blaze was almost fully under control.",infrastructure_and_utility_damage,0.13237307965755463
1061645896792895488,The head of California’s firefighters union called Donald Trump’s threat to withhold federal funds to the state as it continues to deal with deadly wildfires shameful” and dangerously wrong” as the death toll rose to 11.,infrastructure_and_utility_damage,0.13234376907348633
1061656300596142080,"RT @C_Coolidge: 07/27/2018: CNN: Northern California wildfire moves into Redding, threatening 5,000 buildings; 2 killed",infrastructure_and_utility_damage,0.13233673572540283
1062640800327028736,Good Guy Toyota Is Replacing A Wildfire Hero’s Fire-Damaged Truck: Toyota USA has volunteered to replace a nurse’s Tundra truck after it was partially melted while shipping numerous people out of the path of California’s deadly  #Cars #Autos #Automotive,infrastructure_and_utility_damage,0.1322024017572403
1061733395502231552,RT @abcWNN: WATCH: California’s Camp Fire produces a massive firenado near Paradise.,infrastructure_and_utility_damage,0.13209295272827148
1065064605117022209,Interior Secretary Ryan Zinke blamed radical environmentalists” Tuesday for blocking federal forest-management efforts and causing dangerous conditions that lead to deadly wildfires such as the blaze that killed dozens last week in northern California.,infrastructure_and_utility_damage,0.13202446699142456
1066482062448832512,ᾝ0 - CALIFORNIAN WILDFIRES THEORIES ARE SPREADING LIKE  ὎3INVERSE: FIRES LINE UP PATH OF HIGH SPEED RAIL SYSTEM  ὎3Q: CALIFORNIA FIRES TO GET FEDERAL RELIEF FUNDS,infrastructure_and_utility_damage,0.13196226954460144
1066013454606184451,"On Thanksgiving eve, President Trump entered full climate-denier mode as California officials were offering sobering projections about the death and destruction caused by the devastating wildfires in the state.",infrastructure_and_utility_damage,0.13191190361976624
1067138776458244098,"After claiming at least 85 lives, burning more than 18,000 structures and raging for more than two weeks, the Camp Fire, the deadliest wildfire in California’s history, has been fully contained, officials said on Sunday. But they warned about coming rain. [The New York Times]",infrastructure_and_utility_damage,0.13183516263961792
1065424648857419777,"The daughter of a man killed in Californias deadliest wildfire is suing Pacific Gas &amp; Electric Co., saying the utility could have prevented the blaze. #KMVTNews",infrastructure_and_utility_damage,0.1316928118467331
1064914875221229568,"When the worst fire in California history moved into Paradise this month, the evacuation plan fell short, with officials using an older alert system that reached only a fraction of the town.",infrastructure_and_utility_damage,0.13165979087352753
1061496590987345920,"VIDEO: Nine people have been killed and hundreds of thousands ordered to evacuate as wildfires raged across California, with one rapidly spreading blaze threatening the resort of #Malibu, home to Hollywood stars",infrastructure_and_utility_damage,0.13165350258350372
1065276250631983104,"RT @CBSSacramento: Packers QB Aaron Rodgers, a Chico native, donating $1 million towards Camp Fire relief",infrastructure_and_utility_damage,0.1316269189119339
1064078930678673408,#DailyWorldBriefing on Nov. 18 features: 1. Death toll from northern California wildfire hits 76➡ 2. Trump says full report over Khashoggis death to come in two days➡ 3. 18 Syrian troops killed by militants➡,infrastructure_and_utility_damage,0.13155828416347504
1062934364479139840,"Thursdays @denverpost cover, designed by Matt Swaney. The death toll from the latest California wildfire reached 56 Tuesday as federal and state officials toured the ruins of a community completely destroyed by flames. #CaliforniaFires",infrastructure_and_utility_damage,0.13152897357940674
1061170517766483968,"[] - ὏0 California wildfire becomes states most destructive on record: Californias Camp Fire, which largely destroyed the town of Paradise, is now the most destructive wildfire in state history in terms of property damage. The",infrastructure_and_utility_damage,0.13151763379573822
1061736681739575302,"The wildfire in Northern California has destroyed more than 6,700 buildings, nearly all of them homes",infrastructure_and_utility_damage,0.13150043785572052
1061673769272532994,"The flames burned down more than 6,700 buildings, almost all of them homes, making it California’s most destructive wildfire since record-keeping began.",infrastructure_and_utility_damage,0.13148045539855957
1061321482373083137,"The Feather River Hospital burns down during the Camp fire in Paradise, California on Nov. 8. More than 18,000 acres have been scorched in a matter of hours burning with it a hospital, a gas station and dozens of homes. (VCG/Josh Edelson)",infrastructure_and_utility_damage,0.13147702813148499
1061789219146784768,"Actor Gerard Butler called it a heartbreaking time across California after learning his home burned to ashes. Gerard Butler, Robin Thicke, Shannen Doherty and more lose homes in California wildfires  via @usatoday",infrastructure_and_utility_damage,0.1313938945531845
1061679982802583565,【TakeOff News Search ver0.4】 California Wildfires Death Toll Hits 23 - Reports Source:   #Crypto #Blockchain #TakeOff #TKO #ether #ethereum #bitcoin #cryptocurrency #btc,infrastructure_and_utility_damage,0.13136406242847443
1064500656688394240,NOROVIRUS OUTBREAK: Butte County public health spokeswoman Lisa Almaguer says the number of sick people keeps growing as officials work to stop the spread of illness. #CampFire,infrastructure_and_utility_damage,0.1313541829586029
1065511779860602880,RT @ThomasGustafson: Aaron Rodgers donating $1 million for California wildfire victims - via @ESPN App,infrastructure_and_utility_damage,0.1312810182571411
1070201070117253121,RT @bakersfieldnow: Death toll in Camp Fire in Butte County revised to 85 after thousands of people located.,infrastructure_and_utility_damage,0.13127443194389343
1062080165268746240,A look at one of the neighborhoods decimated by California’s fires.,infrastructure_and_utility_damage,0.13119298219680786
1063140550679904256,Sept 2018 Gov. Jerry Brown released a proposal Tuesday to reduce PG&amp;E’s legal responsibility for wildfire damages after months of intense lobbying at the California Capitol.,infrastructure_and_utility_damage,0.13118085265159607
1066829040449978368,The monstrous wildfire that killed dozens of people and destroyed thousands of homes in Northern California while burning for more than two weeks has finally been contained.,infrastructure_and_utility_damage,0.1311504989862442
1061367642777440257,"The Woolsey Fire has grown to 70,000 acres with it being 0% contained at this time. 3,500 structures threatened; there has been numerous structures already damaged from this fire. Evacuation orders are still in place for parts of California.",infrastructure_and_utility_damage,0.13113465905189514
1062053161773477893,.@Neilyoungs home is among hundreds of California residences burned by wildfires raging in California this fall.,infrastructure_and_utility_damage,0.13105100393295288
1061251853969735681,@TMobileTruckNE Tel Aviv chatter : California USA fires being steered by sonic or wind cannons or groups of helicopters .,infrastructure_and_utility_damage,0.13095852732658386
1065747894622289920,"@RepMaxineWaters Maxine you are the most disgusting senator . Instead of running your piehole,you should be in California helping the fire victims . But then i think if i was there and in their situation i wouldnt want to see your ass!",not_humanitarian,0.12429370731115341
1064293089840222208,‘Isn’t socialism grand?’ Libs pissed at celebs for protecting their homes from California fires seriously don’t get it  via @twitchyteam,not_humanitarian,0.11779545247554779
1064380910697504768,@realDonaldTrump You are such an ass. You don’t give a schitt” about California or it’s fire victims. Next time just stay home Ὑ5,not_humanitarian,0.11666493117809296
1065492078157803522,"I pray you are right especially after the horrible fire and destruction in California, Puerto Rico and the Carolinas. But I don’t trust you-you pedal trumpisms.",not_humanitarian,0.11660338193178177
1064326764766396416,"Too bad, So sad, Liar, liar, Pants on fire, Jello brain, Fake president, At it again, Can’t help himself, When his lips move, A whole country is embarrassed, But, 65% of us, See right through you, And Mueller’s coming to get u, He’s our hero!",not_humanitarian,0.11607225984334946
1064583323031355393,Again the View panel wrong again on any story that they think they can criticize our President they jump!! Especially if they think they can damage Trump’s reputation. Despicable haters!,not_humanitarian,0.11595887690782547
1061213081622196224,Fucking beast was up at 3:00am Do you even know how many National parks we have and what it takes to prevent fires? Last time I look you didn’t care about environment. You do realize they go hand in hand right? 5th grade rationale ConManDon,not_humanitarian,0.11589894443750381
1065256620358320128,"I’d say democrats have blood in their hands but really it’s more like ash remains. Either way, their arrogant policies killed all those people in California tinderbox fires.",not_humanitarian,0.11460211127996445
1061206743877857283,And you have a President @realDonaldTrump who blames California forest fires on bad forest management Words don’t describe the ignorance and blackness in Trump’s mind.,not_humanitarian,0.11443133652210236
1061298095978434561,Conduct Unbecoming!! Sickens me that Trump disparaged California fire victims &amp; threatens to cut off funding ! Horrible this man has no idea how to conduct himself properly! He’s completely unfit !!,not_humanitarian,0.11438330262899399
1061458623715557376,@realDonaldTrump California is on fire and you’re pointing fingers! People are losing their homes and lives. Have some empathy and compassion. The fact that you are the way you are and you are in charge of this country is nauseating!,not_humanitarian,0.11411785334348679
1061193482012946432,"Texas and Florida, send in FEMA Helicopters! Food! Whatever you need I got you CA and Puerto Rico, ahhh I don’t know you guys fucked it up for yourselves so maybe we won’t help you out here.” This guy is a piece of work^",not_humanitarian,0.11390241980552673
1062467005079535616,Hey orange poptart and breasty where are you today on the California wildfires? 44 dead so far and you say nothing do nothing you are just disrespectful little wanna be royals #fbr #GlovesOff #MSNBC #BlueWave #NotMyPresident #GOP #TheResistance @realDonaldTrump,not_humanitarian,0.11369530856609344
1061318319045627906,"Absolutely disgusting. Thousands lose their homes and this is your response. I didn’t support you before this, but many in my area did. Their hearts are already breaking and now they have to face the true colors of their president who doesn’t give a shit about them.",not_humanitarian,0.11213614046573639
1064164042611273728,@Sambyhere @Just2BiZI @sheera3333 @PWoodfall @OhRoyalOne @JayLibertas @YvonneGetcarter @HelenBroughto10 @whereangelsdare @Ms_Revisionista @windowlesssolid @Fredthefish2 @sheatruthseeker @dnim_eerf @beforethestars @ChivalryAnon @Gawjus_Dolly @javaidShaikh @JPN_PMO @MofaJapan_en @japan @Moeedi @Shahidmasooddr @Dragonsoul9Fire @Gods_Spy @YourMarkLubbers @End_TheFederalR @Ian56789 @crowder_ron @SheenaParish @EdwardG67709319 @WeatheredHype @AWAKEALERT @TrutherbotAnyo2 @TracyTlm45 @Wrathanon @alshahedll @Anonymous4571 @downunderabc123 @StinsonB84 @cjsienna55 @SanguinKnight @boc_oz @drbairdonline @maxigan @FCriticalThink SMART METERS CAUSE HOUSE FIRES; PG&amp;E REMOVES METER FROM HOUSE AS FIRE BEING PUT OUT (over 10 million homes in California are equiped with these devices - BTW this company is owned by the Rothschilds),other_relevant_information,0.13636785745620728
1061621656123305985,@conviviallygf @1GigiSims @brandonrgates @dvibrationz @3GHtweets @GPRacer51 @thefutureBigly @JPolov @AtomsksSanakan @bjjuhl58 @Molly999999999 @GillesnFio @RegimeChangeBC @TheRealRolfster @LifeIsThermal @FriendsOScience @NDPnomore @Gladfly1 @VoluntaryOnly @sarenc @CrispyCX @EMCMSSRET @RobbCab @mspence6 @blaubok @Achille95924764 @birdhillll @miked194765 @PolAnimalAus @ned2au @SimonMaxfield8 @yota_berlin @RoniSylvester @YvanDutil @Dinkeldash @suckmysav @CJlegalBeagle @FredFoxyGuy @peden_c @RushhourP @HansConser @EthonRaptor @NikolovScience @CentralFLBoy @prof_SJGreene @alan_poirier @Calimer0c0mplex @The_ClimateGuy @DarrenBurchill @SteveSGoddard The California fires are caused by the Democratic Party that will not allow dead trees and dry brush to be cleared. #ManMadeDrought,other_relevant_information,0.13468751311302185
1061722145326333952,@MatthewIsYa @stefanieGMJ @mggyy @bellahadid @MargotRobbie @oliviamunn @haileybaldwin @GiGiHadid @taylorswift13 @selenagomez @emrata @karliekloss @GalGadot @Kehlani @Beyonce @KimKardashian @simihaze ἟A἟8ὒ5California wildfires: Death toll rises to 25 as blazes continue -  @stefanieGMJ @oliviamunn @haileybaldwin @bellahadid @GiGiHadid @mggyy @taylorswift13 @selenagomez @emrata @karliekloss @GalGadot @Kehlani @Beyonce @MargotRobbie @simihaze @KimKardashian,other_relevant_information,0.133758544921875
1067145092522225664,"@jesseawayne1 @joanne48640679 @ThereseOSulliv2 @TrumpSugar @donnnie @DWCDroneGuy @Tristessette @tony_tonyt @jk11195355 @UncleSamatha @Nini_cherrybomb @DrummondJeff @Dee_Easley @jewelsofvalue @IVotedBlue @alshadowdancer @Tokumama7 @Maxxtruk @enterprise1054 @GracieLovesUSA @PwrCane1 @instinctnaturel @LeonWhi63670221 @jusbgun1 @GhostOfTick @scenic_route819 @get2djnow @KorrinaDykman @LindaRockers @imthemommy6 @agentredskies @donald_aper @Vikimarie2 @AnthonyGuidera @VanWalker67 @VoteNov6 @LottaKerfuffles @LaurieSpoon @WillNotComplyUS @mommags2579 @VoteBlue50 @Sandra_gw @VideditorEB @JessAbrego6 @KResister @WomenUnitedFro2 @FionaGiselle1 @Annieadele1 @ARotonoa @TheLastRefuge2 , Trump said that Forest management was poor is what caused the fires in California Im saying that they left them on fire to start a bunch of fires and claim money on an emergency budget.. Trump didnt say you guys are arsonists I did.",other_relevant_information,0.133553609251976
1067267740799590400,@Rubiconski @Kiwi_CGFX @TaggartRehnn @Jr3597 @reddogsusie @msmorgan1968 @leighjalland @WinglessBird_ @samjarvis49 @Jasamsdestiny @BadProductionz @CassJSpring @Alt_ReddTruq @Barbi_Twins @Air15Warrior @ActionNewsNow @CountyofButte @NVADG @NationalGuard Via .@CountyofButte &amp; .@ActionNewsNow ⬇⬇⬇ lies. Coverage by @ActionNewsNow highlighting the partnership between Butte County Animal Control and @NVADG to provide care for animals in evacuation areas. #CampFire #CampfirePets,other_relevant_information,0.13178537786006927
1064932140150706177,@KernUnited @RealTT2020 @chilllingwithme @AlohaHa59067534 @sherrynron @jujutsucop @cjkuefler @roadrunnerT1D @SaveOur1st @gothgirlpink @MrDiddy85_ @guyyoudontknow6 @cali_curmudgeon @Lnr57 @cjdtwit @DaZipstahh @LaunaSallai @Briteeye777 @sewwutnow @rcjhawk86 @Walmart Kamala Harris visits the Border for her illegals instead of visiting fire victims - speaks VOLUMES about her priorities - SAD! #California,other_relevant_information,0.13175265491008759
1064206822024724480,@Chookchook8 @StunninglyB @Timedabbler21 @Lorrain88315939 @DavidDMiller5 @cjsienna55 @Montufar_E3 @donnie_maga @DougieFreshii @Melanch10844904 @JENsen4Truth @LovesAmerica10 @DIXIEDOODLE12 @doedoe1356 @Candacesj8 @GraceannaAustin @lettuce_unit3 @Q_QSage @FinancialPlayer @ja985601_cobb @LumpyGravy3 @Hearts4America @EinsteinIP2015 @BradFitzpatriot @c_wieck @SassERevere @stickyhammer @SaRaAshcraft @BannedJay @SGD1971 @Mark923to25 @GrannyPi @PhoneRankine @LanaAshford1 @oldmanluvsmineo @Tread_litely70 @cecere_glory @bsibley97 @zeola_rose @Kathryn16847016 @BatcaveBatmo @bucksawyer4 @paulacblades001 @ClubFugazi @nurseard94 @ToilsomeOlive @DonaldJTrumpJr @falseflagjerry @raolc Direct Energy Weapon is what’s causing the California Fires!,other_relevant_information,0.1315576583147049
1063960352151416833,"@realDonaldTrump @GOPLeader @RepLaMalfa @KenCalvert @fema You sorry sack of Ὂ9Ὂ9Ὂ9‼️#MAGA All of you. #California #Republicans / #GOP is officially #DOA #DEAD #LIFEsupport NO MORE #TRUMP #TrumpStayAwayFromCalifornia #wildfires ARE ON #US #LAND, NOT #CALIFORNIA, STUPID #PEOPLE #PROGRESSIVES @GavinNewsom @JerryBrownGov",other_relevant_information,0.13151930272579193
1064267979733549057,"@MatthewIsYa @stefanieGMJ @mggyy @bellahadid @MargotRobbie @oliviamunn @haileybaldwin @GiGiHadid @taylorswift13 @selenagomez @emrata @karliekloss @GalGadot @Kehlani @Beyonce @KimKardashian @simihaze @MileyCyrus @LiamHemsworth @GerardButler @JLo @kourtneykardash @rihanna Nearly 1,300 missing in California wildfires -  @stefanieGMJ @oliviamunn @haileybaldwin @bellahadid @GiGiHadid @mggyy @taylorswift13 @selenagomez @emrata @karliekloss @MargotRobbie @GalGadot @rihanna @Beyonce @simihaze @kourtneykardash @Kehlani",other_relevant_information,0.12854735553264618
1064268435104964614,"@MatthewIsYa @stefanieGMJ @mggyy @bellahadid @MargotRobbie @oliviamunn @haileybaldwin @GiGiHadid @taylorswift13 @selenagomez @emrata @karliekloss @GalGadot @Kehlani @Beyonce @KimKardashian @simihaze @MileyCyrus @LiamHemsworth @GerardButler @JLo @kourtneykardash @rihanna President Trump Tours California Wildfire Damage; Nearly 1,300 Still Missing -  @stefanieGMJ @oliviamunn @haileybaldwin @bellahadid @GiGiHadid @mggyy @taylorswift13 @selenagomez @emrata @karliekloss @MargotRobbie @JLo @GalGadot @rihanna @Kehlani @simihaze",other_relevant_information,0.12821589410305023
1062788464444354561,"@Madeleine_1115 @07506m @carolconnor123 @CatchouFiloute2 @janulka242 @JohnNewmanMusic @JacquieNewman @FranLouise7 @JOHN_NEWMAN_FAN @JandricRadmila @_ania_an @laura_chaillou Yes, unfortunately at this time the California Wildfires has jumped onto the Hwy at several places catching numerous vehicles on fire, And the Death Toll has risen to 50ὤF( With 48 being from the Campfire) ὤFὉBὤF #CaliforniaFires #CaliforniaFireFighters",other_relevant_information,0.12742650508880615
1064267762825158656,"@TheVinum @amylieberfarb @AdamRosenberg16 @_drazzari @leoparg38 @hmgivingsoul @TheWiningHour @winegal57 @Essexwineman @eclectica8 @Oberreimer @molson_merlin @mar_delolmo @nineov @theswirlingderv @talkavino @TheWhiskyKiwi Thank you for the share, @TheVinum! Happy #SundayFunday friends! #GivingBack to #California. Join me to support @Rockyourmessages campaign to raise money to go towards toys for the children who lost so much in the recent fires. ὤFὉ9 #TwitterFam4CaKids",other_relevant_information,0.12714357674121857
1065617599436861440,Updates: California Wildfires Have Killed 86 People And 500 Others Missing  H❤️PPY TH❤️NKSGIVING‼️ ❤️@laurelsobol ὤFἿD@TiredofBS11 ⛄️@RedKeepsRolling ἶD@Holy_Batgirl ᾘ3@mouse458 ❄️@planetvinny ἶD@bellafgw ὒ5@anneh82w8 ᾘ3@keith0sta,other_relevant_information,0.126414492726326
1066509402788831232,"@DRSingletary2 @jbtole2 @TheRealRaNon @Kt23kartracer Yes. MM! 1PacificRedwood best true weather. Im biodynamic flower farmer. Treehugger. Vegan. Damage those dessicants do is crime against humanity. Accelerators of fires, too. #California has lost 145M trees from them. Weak, get borers. No logging dead=disaster. @POTUS @VP",other_relevant_information,0.12600360810756683
1066407130129817600,@dixoniv2 @paulosophia @Monstermash042 @MomsDemand @NRA Yet again I don’t care about other states. We are speaking about California. Let’s keep it to California. Not to mention California’s leadership bailed out PGE for the wild fires they started by uncapping the electric bill and more than doubling electric prices for residents.,other_relevant_information,0.12404254078865051
1066059012213362688,"@highvibesliving @dukemerle @DeepStateExpose How do you know these fires were at 1100°F?? Remember: most of these house fires have lots of fuel inside, namely stuff. They burn for hours. So far right?? Dont forget any gas or oil. Even in California, theres gas for heat &amp; water heaters. To add to the heat.",other_relevant_information,0.1228264570236206
1064151804366213120,"With 1000 unaccounted for in California, @JerryBrownGov updates @facethenation on the devastating fires. Well also speak with IAs @SenJoniErnst who is now in GOP leadership, MDs @RepCummings, &amp; KY Senator @RandPaul. And meet some fresh faces from Congress freshman class",other_relevant_information,0.12276409566402435
1064283209255608320,"Pathetic! It’s another photo-op for him, nothing more Tryna give California a lesson in wildfires ὤ4ὤ4ὤ4&amp; he’s clueless You know how to stop the wildfires, CA? Rake the leaves, rake the bushes (don’t know how but do it), just keep raking, you’ll make America rake again..ᾒ6ἿC‍♀️",other_relevant_information,0.1223335862159729
1066359737036337152,@NBCNewsTHINK @LevinsonJessica ὞3Devasting Climate ReportὪ8Storm damage suffering for those affected by Hurricane Florence! Ὢ9Fires ὒ5 devastation of California! How is FEMA helping our citizens now? This reports advise us of more to come! Trump &amp; Republicans don’t believe in Climate Change! We’re Screwed,other_relevant_information,0.1217675432562828
1070735243534131202,"Ὗ3Paradise Nὓ4. 1️⃣ City in America 2018‼️ Paradise, California 27,000 didn’t get evacuation notice!  @laurelsobol @TiredofBS11 @Fore_Warned @realJamesCortez @bedevilme666",other_relevant_information,0.12167710065841675
1064175391345123328,"@RTMannJr Because Finland’s climate is exactly like California’s climate. Meanwhile, here in Wisconsin, where we don’t rake” and a third of our state is forested, we have no problems with fire either. Of course, we have Finland’s climate. Anyway, bottom line, Trump is a lunatic.",other_relevant_information,0.12139466404914856
1064073063183122433,‘Hell on Earth’: The First 12 Hours of California’s Deadliest Wildfire  #UpdateNewsooo @UpdateNewsooo @news @updatenews @ndtv @news24 @zeenewshindi @indianews247 @timesofindia @newsindia @aajtak @zeenews @foxnews,other_relevant_information,0.12137384712696075
1065955512238395394,@JoeyMaynez @BBB60970288 @SandyKlamo @PowerTaking @erinrenee4trump @SloanMiller3 @LoRosS26 @Trumpapedia @wistlebomber @BCampbell146 @WiredWet @rv6440beverlyhi @Harleyryder51 @2robhayes I N C O M P E T E N CE —The Real Issue with California Fires,other_relevant_information,0.12118861079216003
1067311648006799360,"@RepSwalwell @CordaroSherry @realDonaldTrump I’ve seen kids from California fires lose everything, breathe bad air for weeks, living in a tent, cold conditions. But let’s talk about these border jumpers, the reason we have a military to keep us safe from these people.. yes, family’s are homeless tonight in our own country.",other_relevant_information,0.12085983157157898
1067557109892620288,"@yvonneridley @realDonaldTrump @WTF_EEK I know, in y’all’s minds Trump set the California forest fires, stranded untold number of polar bears (who can swim for hundreds of miles), dirties the air, land and sea, and won’t put solar panels on the White House! Lord, help us! #MAGA ἟A἟8",other_relevant_information,0.11987888067960739
1065304903218675712,"#Politics &amp; #TheAgeOfTheTrumpSewer @GOP KKK #Nationalist @WhiteHouse: #TrumpPuppet .@SecretaryZinke Says Radical Environmentalists Are to Blame For Wildfire Thats Killed 79 People, brags about how red, white &amp; blue he is  #KeepResisting the #Hypocrisy",other_relevant_information,0.11971431225538254
1064411728719400960,"California, you’re going through a lot right now. &lt;&lt;hugs&gt;&gt; &lt;&lt;purrs&gt;&gt; &lt;&lt;love&gt;&gt; &lt;&lt;angels&gt;&gt; For those of you near the fires, please be ready to go before you must and take your pets with you. ὃE❤️",other_relevant_information,0.11969903856515884
1064422581216952320,Why Trump wont talk about the real reason for Californias wildfires  @vett41 @bananavet501 @DeidraLucas1 @AngelaStroble2 @LannetteTomi @BlackPowerAndE1 @TreRoze @JudgeJoeBrownTV @Queenpreneur9 @pofolkspeak,other_relevant_information,0.11955852806568146
1064226201072476160,At #9 on this week’s #KISSTop40 is @JonasBlue @LiamPayne &amp; @lennonstella with #Polaroid ὏7 Its been a sad week for Liam and other celebs as their homes have been damaged due to a California fire ὡ4 We send our best wishes Ὁ5  ὐ8▶️//bit.ly/KISSKUBE,other_relevant_information,0.11837319284677505
1062382541653475328,"UPDATE: #CampFire, Butte County - 42 Deaths; 125,000 acres; 30% contained. This is the deadliest wildfire in California history. #WoolseyFire, LA County &amp; Ventura County; 2 Deaths;96,314 acres; 35% contained. @weatherchannel continues live coverage of #CaliforniaWildfires.",other_relevant_information,0.11823508143424988
1064922540072673281,"Hey California.youre fuc***g luck only 1,100 plus homes and 80+people are dead!!!!! Whose fault??? Whatta STUPID question!!!! But you Califonians ask a bunch of STUPID questions???? Real News: Talked to Smokey the Bear!!!! Said only you prevent forest fires!! Firedd!!ὒ5",other_relevant_information,0.11813287436962128
1061296226233212929,@MissRibotto @CourtneyReese95 @briaflack @SUMAJlT @tanamongeau one thing about california is the santa ana winds. they pick fire up and throw that shit around. honestly at this point i’m sure there’s firemen from kansas and even further trying to help but cali fires move so fast. fires have been been regular my whole life but this is crazy.,other_relevant_information,0.11809846758842468
1062609301989023745,Please follow @RealJamesWoods #JamesWoods and use his hashtags for northern and southern fires.ὒ5 #animals #pets #horses #cats #CampFireJamesWoods &amp; #socalfiresjameswood #JamesWoods ⚡️ Help James Woods Find At-Risk Animals Due To California Wildfires”,other_relevant_information,0.11807410418987274
1066227364806443009,"Liberals think they can lie to nature. They’re to blame for the California fires ὒ5!! Bill Clinton was told in the 90’s, if the underbrush was left!! Libs said the spotted owls ᾘ9 needed a place to live!! Well the fact is, neither people nor owls can live in burning wood or ash!!",other_relevant_information,0.11790681630373001
1061419061597356032,"@RepAdamSchiff @constitutionsue @co_rapunzel4 @Mooncatadams @cherokeesher2 @CitizensFedUp #FBI #Veterans #Law #Metoo California Fires STILL Burning 4,000 Americans Killed in #PuertoRico OUR Treasury Raided While Natl Infrastructure is Failing PROJECTION #NoBallsDonnie Tweeting BS To Save His OWN Ass",other_relevant_information,0.11787736415863037
1061258737162235905,"@dvtaz40 @thehill First off, the big Southern California fires are BRUSH fires it’s not a forest of trees, it’s mostly chaparral brush that’s going up in flames (with some trees, sure). Your Idiot-In-Chief has no clue what he’s talking about (as usual). How’s that Kool-Ade tasting?",other_relevant_information,0.1176057681441307
1064388779983732736,"@hklmnsthu @CNN You know it’s actually Maxine Waters and Diane Feinstein that are living in California mansions, right? You know, with safe walls, security, and away from all that unsightly poverty, tent cities, fires, and crime? Aren’t they California’s leaders? Isn’t Brown their leader?",other_relevant_information,0.11742480099201202
1061311534926716928,@SarahPalinUSA California Gov Jerry Brown Not Doing his JOB!! These Forests &amp; dead Shrubs should have thinned out.. Fires ὒ5 wouldn’t be so Disastrous &amp; Deadly!!ὢ1ὢ1ᾒCᾒC,other_relevant_information,0.11735446751117706
1064093230239703040,"@JerryBrownGov @GavinNewsom @POTUS  The lack of proper management of forests and high brush areas, Jerry’s willingness to look the other way for power companies (guilty of starting massive fires) and the fact that his sister is on the board of Sempra energy, well it’s all suspect.",other_relevant_information,0.11652382463216782
1064194060624097281,"Most-elderly-have lost all. They must be relocated to communities with MED, stores, services-not just Chico, but towns in 50 mile or more radius. @FEMA hasn’t sent trailers/supplies-divert troops from border, rel. IMG kids-use tents. @JerryBrownGov send shelter-cold/rain due Wed.",other_relevant_information,0.11591652035713196
1064999307953135616,"Kevin Hannes with FEMA  its unclear if trailers will be brought in to handle the displaced @fema @Cal_OES set up trailers NOW, why do I pay taxes????!!!! or is it because #IlegitimatePOTUS @realdonaldtrump stripped the budget?",other_relevant_information,0.11519086360931396
1065156772564996098,Do you believe the #wildfires are natural??or do you believe its something much bigger!! #Agenda2030 @realDonaldTrump #CloserNation @TheRealHublife @mitchellvii @BorderNarcotics @NancyPelosi @annvandersteel #Resist #CaliforniaFires #California #democrats #Agenda21 #Brexit #KAG,other_relevant_information,0.1150868684053421
1061443866413289473,"I gotta tweet, is the intern still here? Write this down: Trump and I agree: fires that didn’t start in a forest are because of forest mismanagement, so families don’t deserve federal support. I guess? (Sigh) Honestly I’m excited to be losing. wait, don’t tweet that part",other_relevant_information,0.11471232771873474
1064556162983505921,#likesMixedNuts California FIRES SMELL Once AGAIN: TIMING. Targeted Neighborhoods ?? Thats Called MURDER. Remember when 17 CA WILD FIRES started ?? At same time 17 investigative Agencies said there was RUSSIAN Collusion ?? &amp; Not the Usual Neighborhoods. 1/5,other_relevant_information,0.11455091834068298
1064922673669582848,"@Franklin_Graham @ChristopherHull @POTUS Well said @Franklin_Graham it is well orchestrated with Dem money, Beto sent $$ and George SOROS open society fnd. Even Mexicans calling invasion, Mexico offered jobs, caravan turned down, ground for asylum now void! We have Camp Fire citizens need help not caravan! #RuleOfLaw",other_relevant_information,0.11452114582061768
1061164521975365632,"@NavaYolie @TMobile Ive heard its related to the fires in California, but not from @Tmobile as they do not like to share information, apparently. My service just came back so hopefully yours will also.",other_relevant_information,0.1140599176287651
1062118541694984192,"We need help in #California! Please, anyone with influence please see if you can get POTUS to sign the darn FEMA request. My god, it isnt a holiday when folks have no place to go! #wildfires please retweet @fema @SenFeinstein @RepJimmyPanetta @NancyPelosi @WhiteHouse @maddow",other_relevant_information,0.11335254460573196
1061659967814418432,"A little late!! Trump doesn’t care about the common man, or WW1 dead! Skipped Memorial taxpayers paid for!! And writes about fires way to late! #TrumpLiesEverytimeHeSpeaks #TrumpRussiaCollusion #RemembranceSunday2018 #WW1 #11Novembre1918 #ArmisticeDay100",other_relevant_information,0.11333978921175003
1061276281868898305,"9 people have been killed!!! Homes, animals, human lives - lost! This is the response? Where’s your compassion? Where’s your grief or your condolences? These were all INNOCENT victims. And you’re pointing fingers!?! #PrayForMalibu #CaliforniaWildfires #campfireparadise",other_relevant_information,0.11250749975442886
1064227071508000770,"Hey @PK514, I really miss you so much and its been awhile right after the wildfires in California, but I hope you and @Mr_Mikeyv are okay, right now!!! ὤ2",other_relevant_information,0.11240395158529282
1062851708034793472,"Again California is facing wildfires and is in need of help. There is many ways to lend your help and support to your fellow humans, pets &amp; wildlife. Please check the link to see how to help. Hoping all our friends in California are safe. Thank you- Isms",requests_or_urgent_needs,0.11397320032119751
1061546849687998464,This is total ὀ2Ὂ9our forests are extremely well-managed and orange foolius knows it. This is him doing corporate bidding-the ones who would happily clear-cut every forest in the state.soulless monstrosity. People are DEAD up here. UNPOTUS,requests_or_urgent_needs,0.11387823522090912
1065153658164310016,Please retweet &amp; like!!! I’ve created a fundraiser to help the california wildfire victims!!! Your donation DOES make a difference to these families!! PLEASE SHARE!!!!❤️,requests_or_urgent_needs,0.11363041400909424
1061250890823356416,"Please someone, anyone help us.",requests_or_urgent_needs,0.11358214169740677
1064060500856774656,"It may make me a bad person to admit this but nothing makes me sadder when these fires happen than the realization of how many animals cannot be saved. I’m so glad this poor, smart, sweet, brave baby found a way to survive hellὃ4♥️",requests_or_urgent_needs,0.11336468905210495
1061504766382039040,Hey everyone! Our local firefighters over here in NorCal have set up a gofundme page for the victims of the California fires! RT!  #campfire #Woolseyfire #California #wildfires #firefighters #ButteCounty #Socal,requests_or_urgent_needs,0.11335603892803192
1065273277755547648,I hope for Thanksgiving someone makes Thanksgiving meals for the fire victims in California and I hope someone makes meals for the kids locked in cages! please someone who have the means to do this.,requests_or_urgent_needs,0.11315686255693436
1062117198057984001,"a lot of sad events are happening right now, especially in my state of California. There are multiple ENORMOUS wildfires destroying homes and property that carry familys entire lives. You and I can help those in need here:  Please consider helping out♡",requests_or_urgent_needs,0.11307647079229355
1061705154922074112,Please join me with your random act of kindness Last night I went to a local hotel and paid for a room of a displaced California wildfire family. Please take a second and help a random stranger who lost their home tonight! #randomactofkindness #CampFire #wildfires,requests_or_urgent_needs,0.1129717230796814
1064214581747290115,Donate!!! Titos of Texas is matching. Lets help rescue our four legged creatures. @RealJamesWoods,requests_or_urgent_needs,0.11295334994792938
1065379564191309824,"there are countless stories of people who lost everything in the California fires &amp; need your help, this story caught my Ὁ3 earlier &amp; I wanted to share it in case any1 felt like they wanted 2 help someone good get back on their feet",requests_or_urgent_needs,0.11265202611684799
1064629446668374016,The @ASPCA is on the ground in California helping to rescue the animals affected by the California fires. Please support their life-saving work!! These precious animals need you ὤFἿDYou can go to  Any donation is deeply appreciated. Thank you so much friends,requests_or_urgent_needs,0.1123514175415039
1061325529553428481,Thousands of people flee. At least Nine people dead. Animals dead. Forests burned to the ground. Families mourn. And from Trump? Kind words of solace to the victims &amp; their loved ones? A promise to redouble our efforts to prevent future fires? No. A threat to cut off funds. Ghoul,requests_or_urgent_needs,0.11219149082899094
1061295892647632899,"Dear friends, as you may already have heardthe fires in California are no joke! Please help in any way you are able to. We really appreciate your kindness at this time",requests_or_urgent_needs,0.11214718967676163
1064136653168623617,Our firefighters in California are so brave. My friends are safe but a few of my family members have lost their homes. Thank you for all your help.ὤF #rain #firefighters #fire,requests_or_urgent_needs,0.11161775141954422
1061263837658148864,"Let this kind of behavior sink in for a second! Such a bully, with zero respect for the people who have lost loved ones and their homes. He points fingers and places blame instead of offering to help?!?! How is this acceptable from our president? #unacceptable #CaliforniaFires",requests_or_urgent_needs,0.11144540458917618
1064761035544883200,"Here is a way to donate directly to our sister church, Ridge PCA, of Paradise, Ca. Only 4 of the 110 their people’ homes were NOT destroyed by fire - God have mercy. But the Lord preserved every single one of their lives - God be praised. Please RT.",requests_or_urgent_needs,0.11138799041509628
1064282337444331521,WE NEED YOUR HELP @GirlsvsGhosts Director of Scheduling @Fayeray34 &amp; her family has lost everything. Please find it in your heart to #SHARE # #RT. By #payitforward you would be providing Them the much needed assistance that they need!,requests_or_urgent_needs,0.1111164316534996
1063130788491878400,I agree with you. And I feel they arent getting the help they need cuz they are a blue state. I was born &amp; raised Californian &amp; I never saw it like this either. This breaks my heart that so many people &amp; animals have lost their lives cuz Repubs dont want to want to help us,requests_or_urgent_needs,0.1107860878109932
1061380038304694272,My prayers are with those that have lost and have lost love ones in the California fire. May God be with you and God bless. ὤFᾑ3,sympathy_and_support,0.1264050453901291
1064725106554036224,"For all the California victims of fire, and the mass shooting, and their loved ones. God bless all their souls, and help us all to find peace. ♥️",sympathy_and_support,0.12521395087242126
1061320427048439808,Or try this My deepest condolences to the families of lost loved ones in the fire and those who have lost their entire homes and businesses. We are here to help”,sympathy_and_support,0.12443523108959198
1061306556661153792,@ladygaga My thoughts and prayers are going to those victims who lost their home and perhaps loved ones in wildfire in california and those who are affected in LOS ANGELES . Im fucking grateful that we still in peace,sympathy_and_support,0.12373816221952438
1062941916600377344,"My heart goes out to the friends and family of those who are missing because of the California wildfires. So tough, not knowing. Hoping for some miracles. ὤF. Hang in there.",sympathy_and_support,0.12003432959318161
1061497946783416320,"I’m sending all of my love, strength, and prayers to those who have been affected by the California wildfires. Huge thank you to all of the firefighters risking their lives and working through the exhaustion, California could not be more grateful.",sympathy_and_support,0.11986219137907028
1061446859070287872,How terrible. Praying for an end to the fires and eternal rest for the dead and some consolation for those who love them.,sympathy_and_support,0.11955558508634567
1062383242433699840,"Sending love to all of our human friends impacted by this tragedy. Our hearts go out to all the brave workers, volunteers, and people who are making the effort to help rescue animals, of all kinds, to safety from Californias wildfires.",sympathy_and_support,0.11954481899738312
1061504477713317888,Our thoughts and prayers are with the victims of the California wildfires. Honored to have such amazing firefighters and first responders. Stay safe and stay informed: .,sympathy_and_support,0.11931787431240082
1061248714919022593,My thoughts and prayers go out to all of the people and families that are caught in the California wildfires. My heart breaks for you.,sympathy_and_support,0.11920873075723648
1061248086574538752,Let us pray for the victims of the wildfires in California. That those lives lost would bask in the warmth of our Lords face. And then our great God would give those family strength to venture forward knowing our lord is with them as they grieve,sympathy_and_support,0.11919236183166504
1061207775789883392,Sending love and prayers to my California friends and family and all those impacted by the fires. ὤFὉ7,sympathy_and_support,0.1191643550992012
1061298993093849089,The people in california with the fires and to the families who lost people in those senseless shootings my condolences to the other people not affected try to raise the vibration in a positive way cause it is as negative as it could be rite now be at peace people Adiyrah out,sympathy_and_support,0.11858866363763809
1061160485364613121,the camp fire in Paradise California is growing way too fast. Many people have gone missing and are trapped. Please be praying for all those who have lost loved ones and their homes.,sympathy_and_support,0.11842592060565948
1061358213726134272,"My heart goes out to all who have suffered loss the from California fires. Thinking of you and praying for speedy recovery. @ New York, New York",sympathy_and_support,0.11839413642883301
1064090518986977280,My heart goes out for the people in California for the Fire..losing a lot. Prayers goes out for them daily..lets us continue to pray for them.,sympathy_and_support,0.11839161068201065
1061242256831725568,"Malibu, California. Please continue to pray for all the people and animals in the paths of the fires.",sympathy_and_support,0.11835429817438126
1061292039713677317,My prayers and thoughts right now are with the firefighters who are fighting the fires ὒ5 here in California while trying to keep people safe and their homesAlso with the family and friends who are affected by this..,sympathy_and_support,0.11835186928510666
1061248178727608320,Prayers for California. May God Quench the Fires and May Healing come to those who Sufferὢ2,sympathy_and_support,0.11813559383153915
1064432023563988993,"Hi to all, just wanted to come here, and say goodnight to all, and sending prayers to all effected from the fires in California. Be safe, and goodnight.",sympathy_and_support,0.11804773658514023
1064195921330659328,"Good morning! Yes, were still socked in with this unhealthy smoke. Im fine, but my prayers for those with lung conditions. And kids, elderly and pets. And the many who lost loved ones to fires. And the firefighters.",sympathy_and_support,0.11787739396095276
1061696299706269697,"The fires in California are insane and tragic. Dayebledore’s Army, a charity stream maybe charity week will be coming up soon to help aid all those who have lost homes, jobs and family. ❤️❤️❤️ prayers and thoughts are not enough. #WeAreTheWolves #KateMarshProtectionSquad",sympathy_and_support,0.1175408586859703
1061172297879318528,RT @Deligracy: Thinking of any of you affected by the California fires ❤️ sending my love and remember to stay safe and help others x,sympathy_and_support,0.11719607561826706
1063175576553316352,"As a California Native I know people in the devastated areas and fortunately all my friends and family are safe. My heart goes out to all those who are suffering injury, loss and death. I hope the President declares it a National Emergency.",sympathy_and_support,0.11705868691205978
1061184169752084480,"We have taken so many blessings for granted just how many were praying and giving thanks for all we had!! Anyone of us?? Now we will learn how to share and help each other, no matter the color or creed!! Its not too late to learn this lession. OM! Om!",sympathy_and_support,0.11697402596473694
1064217189505540096,God bless the people of California who lost everything in these catastrophic fires. I pray that The Lord grants you the strength to help you get through this devastating tragedy.,sympathy_and_support,0.11694958806037903
1061201181081567233,Thoughts and prayers to all those affected by the fires in California. One of my favourite places where I have many friends. Stay safe Cali x,sympathy_and_support,0.11684191226959229
1065288990457294848,"As you gather with family and friends this week, we ask that you keep in mind those who have lost everything. Our thoughts are with those suffering loss from the #CampFire. Please check out how you can help",sympathy_and_support,0.116799496114254
1064136596029624322,"While I no longer live in Northern California, I will always consider it home. My Herat breaks for those affected by the fires. Thank you to the hard working men and women fighting it and helping those affected. You are true heroes.",sympathy_and_support,0.1166950911283493
1061321992954134528,"Today I’m thinking of the firefighters who are risking their lives to try and save others from raging, out of control wildfires in California. Can we take a moment to think of them, thank them for what they do and be grateful for their bravery.",sympathy_and_support,0.11657099425792694
1064269557525872640,God bless the firefighters and rescue personnel for everything they have done especially for the voiceless ones.,sympathy_and_support,0.11640435457229614
1061145040968343553,@TheLadyCatEye I am in Australia and retweeting everything for you I hope it is of some help.. We have horrific bush fires here so my thoughts and prayers are with the people suffering in California. .stay safe everyone,sympathy_and_support,0.1163659617304802
1062117497711853571,"My heart goes out to everyone affected by the fires in California. People have lost loved ones, pets, and homes, and the fires are still going. If youd like to help, here are a few organizations that are working locally to support survivors:",sympathy_and_support,0.11614184826612473
1064236108937072642,I’m heartsick for the victims of the deadly California wildfires &amp; thinking about those who have lost loved ones. To the brave firefighters &amp; emergency responders who are still putting their lives on the line to keep others safe: thank you.,sympathy_and_support,0.11603555828332901
1065404724898344960,"Unbelievable sadness, my heart goes out to all. Please say a prayer tomorrow for all of these poor people and the pets. God Bless them all! California wildfires death toll climbs to 84, with more than 800 still unaccounted for - ABC News -  via @ABC",sympathy_and_support,0.11595401912927628
1062078784499781632,"Can we just take a moment to say thanks to all the fist responder helping and all the people that are helping there neighbors or anyone else in need during the fire If there is anyway I can help, I wanna do so. Keeping California in my heart. ὡ4 #CampFire #California",sympathy_and_support,0.11587545275688171
1065441757259718656,"You can help the victims of the Paradise Camp Fire with a simple tweet. Just retweet this and money immediately goes to a great organization for the immediate needs of the people who lost homes and loved ones, and to the recovery efforts. Here ya go. Thanks! #retweet4good",sympathy_and_support,0.11579591035842896
1061350319936954368,"California will always be my home — my heart is broken for the lives lost in the recent tragedies, from fires to the latest unconscionable mass shooting. The nation mourns with you. Sending strength and gratitude to the brave first responders and their families. #CaliforniaStrong",sympathy_and_support,0.11554038524627686
1065458175950827520,@Crayola @PrismacolorUS @RoseArtFun @Elmers We have a page to help the artists who suffered loss in the Camp Fire. Please like our page and let us know if you would be willing to donate supplies for the artists and crafters whove lost all of theirs.,sympathy_and_support,0.11551967263221741
1061270922756321282,Prayers Up for all my friends and their familys put out by these fires in California . Be Safe and I hope they pass you bye !!! — feeling worried,sympathy_and_support,0.11550360172986984
1061153548975538176,I feel so bad for the ppl here in California that are being affected by the fires. I hope Ppl and thier pets (i hope they took there pets) have evacuated safely. Im hopeing and praying that evryone is safe and sound &amp; out of harms way. ♥,sympathy_and_support,0.11549048870801926
1064475208629788672,Thank you for all of your prayers and support. There’s so many needs that still need to be met. Please give if you can. 100% will go to the victims of this catastrophe. Thank you all so much.,sympathy_and_support,0.11513473093509674
1062647276265504768,I feel so bad for the people of California losing homes to the wildfires. If there is any way I can help at all plz hit me up! I don’t know how I would help but I hate just sitting bk while people are in need ὡ4,sympathy_and_support,0.11486264318227768
1061313704359190529,"Youre the President. At the minimum, you say, Our hearts go out to everyone effected by the fires in California. Were doing everything we can to help. Instead you sit in that office - say half truths for political ground while people lose lives, homes and their history.",sympathy_and_support,0.11449085175991058
1064432820884570114,I just saw the damage from the California fires for the first time. My heart goes out to all of the people who lost their homes and/or family members from the fires. Sending love ♥️,sympathy_and_support,0.11448277533054352
1061361031639777280,"Please help if you can. Family friends of mine lost everything in the #CampFire. I never ask for RTs. For this, I am. Please and thank you. ὉE",sympathy_and_support,0.11445784568786621
1066725822571180034,"Sending blessings &amp; love to all first responders, organizations, boots on the ground &amp; those affected by #CampFire. Apropos the fire reached containment on this #thanksgiving wknd. Amongst tragedy, we must be grateful for human connection &amp; will to help 1 another when in need.",sympathy_and_support,0.11434558779001236
1062853610042785793,The news out of California continues to be devastating. I’m thinking of everyone who’s been lost or impacted by the wildfires and am ever-grateful to our brave firefighters and first responders. Find out how to help here:,sympathy_and_support,0.11426760256290436
1065278700965359617,Thank you to everyones time &amp; energy to help to bring awareness and support to the affected people and animals and to the AMAZING people who are directly helping them with the Southern California Wildfires #gratitude #WoolsleyFire #MalibuStrong #resilientcities #disasterhealth,sympathy_and_support,0.11421655118465424
1061138286473822208,"As I go to bed tonight I pray for everyone who has been affected by the raging fire in California, for the fire fighters who are risking their lives to put this fire out. @RealJamesWoods you are doing an amazing job helping reconnect people with loved ones and/or pets! Thank you!",sympathy_and_support,0.11373002082109451
